P_extract_Pa,P_extract_MPa,eta,y
4459.3193787490345,0.0044593193787490345,0.4506866044892021,0.0018779994644356616
106945.22355588034,0.10694522355588033,0.475947257022874,0.12993289976297984
209431.12773301164,0.20943112773301165,0.4796454709469014,0.15961906414659274
311917.031910143,0.311917031910143,0.4814425451191416,0.17795522201557712
414402.9360872743,0.4144029360872743,0.4825141302448277,0.1914436926045339
516888.8402644056,0.5168888402644056,0.48321207552114376,0.20220751093430767
619374.7444415368,0.6193747444415368,0.4836865558927089,0.21121525946039363
721860.6486186681,0.721860648618668,0.4840146086487841,0.21899268142402806
824346.5527957994,0.8243465527957995,0.48423667972066964,0.2258521295818076
926832.4569729308,0.9268324569729308,0.48436833417034536,0.2319833939289523
1029318.3611500621,1.029318361150062,0.48443011574026457,0.23753355794378186
1131804.2653271933,1.1318042653271934,0.4844373672965158,0.24261004174096903
1234290.1695043247,1.2342901695043247,0.4844011893881507,0.24729280734763498
1336776.073681456,1.336776073681456,0.48432983402324925,0.2516430076380564
1439261.9778585872,1.4392619778585871,0.484229577659282,0.25570847588213386
1541747.8820357185,1.5417478820357184,0.48410528802937325,0.25952734602958866
1644233.78621285,1.64423378621285,0.4839608039960975,0.26313051911848245
1746719.6903899813,1.7467196903899813,0.483799197230877,0.2665433910394226
1849205.5945671126,1.8492055945671126,0.4836229568878792,0.26978709239080473
1951691.4987442438,1.9516914987442437,0.48343412272695013,0.2728793971292535
2054177.4029213751,2.054177402921375,0.48323438289171405,0.2758354009437589
2156663.3070985065,2.1566633070985066,0.48302514693419313,0.27866803610416885
2259149.2112756376,2.2591492112756377,0.4828076011716961,0.2813884679802437
2361635.115452769,2.3616351154527693,0.4825827512170041,0.28400640448143843
2464121.0196299003,2.4641210196299004,0.4823514550524268,0.2865303404352475
2566606.9238070315,2.5666069238070315,0.4821144490349614,0.2889677526827539
2669092.827984163,2.669092827984163,0.4818723685498163,0.29132525737434506
2771578.732161294,2.771578732161294,0.4816257645652187,0.29360873794030584
2874064.6363384253,2.8740646363384252,0.4813751170146073,0.29582345007180033
2976550.540515557,2.976550540515557,0.4811208456989191,0.29797410850450523
3079036.444692688,3.079036444692688,0.48086331923287046,0.3000649592696029
3181522.3488698197,3.1815223488698194,0.4806028624354712,0.30209984024270375
3284008.253046951,3.284008253046951,0.48033976247348603,0.304082232197669
3386494.157224082,3.386494157224082,0.4800742739980057,0.30601530210079025
3488980.0614012135,3.4889800614012136,0.47980662346254743,0.307901940021402
3591465.9655783447,3.5914659655783447,0.4795370127716075,0.3097447907579767
3693951.8697554762,3.6939518697554763,0.4792656223782382,0.31154628106402715
3796437.7739326074,3.7964377739326074,0.47899261392568804,0.3133086431898927
3898923.6781097385,3.8989236781097385,0.4787181325097548,0.3150339353239659
4001409.58228687,4.00140958228687,0.47844230862406606,0.3167240594117649
4103895.4864640012,4.103895486464001,0.47816525983903396,0.31838077674716164
4206381.390641133,4.206381390641133,0.47788709225613224,0.32000572166248514
4308867.294818264,4.308867294818264,0.477607901771825,0.32160041358964725
4411353.198995396,4.411353198995395,0.47732777517959146,0.32316626771993695
4513839.103172527,4.5138391031725265,0.47704679113371573,0.32470460445383076
4616325.007349658,4.616325007349658,0.4767650209946331,0.3262166578023425
4718810.91152679,4.7188109115267896,0.47648252957242676,0.32770358287676193
4821296.815703921,4.821296815703921,0.4761993757824769,0.32916646258325555
4923782.719881052,4.923782719881052,0.47591561322508524,0.3306063136217429
5026268.624058183,5.026268624058183,0.47563129069911964,0.3320240918742493
5128754.528235314,5.128754528235315,0.4753464526582311,0.33342069725601947
5231240.4324124465,5.231240432412447,0.47506113961694996,0.33479697809256687
5333726.336589578,5.333726336589578,0.474775388512921,0.33615373507733237
5436212.240766709,5.436212240766709,0.4744892330306639,0.33749172485741874
5538698.14494384,5.53869814494384,0.4742027038914989,0.3388116632887025
5641184.049120971,5.641184049120971,0.4739158291136497,0.34011422839632044
5743669.953298102,5.743669953298102,0.4736286342460025,0.3414000630721273
5846155.857475234,5.846155857475234,0.4733411425785409,0.3426697775367191
5948641.761652365,5.9486417616523655,0.47305337533209457,0.34392395159040146
6051127.665829496,6.051127665829497,0.4727653518296964,0.34516313667450943
6153613.570006628,6.153613570006628,0.4724770896515602,0.34638785776200964
6256099.474183759,6.256099474183759,0.47218860477544883,0.3475986150941898
6358585.378360891,6.358585378360891,0.47189991170397866,0.3487958857782777
6461071.282538022,6.461071282538022,0.4716110235802294,0.34998012525922
6563557.186715153,6.563557186715153,0.47132195229286555,0.351151768677401
6666043.090892284,6.666043090892284,0.4710327085718333,0.3523112321228317
6768528.995069415,6.768528995069415,0.47074330207558357,0.3534589137951958
6871014.899246547,6.871014899246547,0.4704537414706513,0.35459519507816734
6973500.8034236785,6.973500803423678,0.4701640345043421,0.35572044153557386
7075986.70760081,7.075986707600809,0.4698741880711886,0.3568350038361728
7178472.611777941,7.1784726117779405,0.46958420827376535,0.3579392186131798
7280958.515955072,7.280958515955072,0.4692941004783966,0.3590334092640381
7383444.420132204,7.383444420132204,0.46900386936622473,0.3601178866954402
7485930.324309335,7.485930324309335,0.46871351898006564,0.3611929500180722
7588416.228486466,7.588416228486466,0.46842305276743085,0.36225888719517946
7690902.132663597,7.690902132663598,0.4681324736200578,0.3633159756486659
7793388.0368407285,7.793388036840729,0.4678417839102562,0.364364482826059
7895873.94101786,7.89587394101786,0.46755098552434693,0.3654046667314299
7998359.845194992,7.998359845194992,0.467260079893441,0.3664367764230445
8100845.749372123,8.100845749372123,0.46696906802178906,0.36746105248027944
8203331.653549254,8.203331653549254,0.46667795051290034,0.3684777274421461
8305817.557726385,8.305817557726385,0.4663867275936177,0.3694870262195354
8408303.461903516,8.408303461903516,0.4660953991363153,0.37048916648312474
8510789.366080647,8.510789366080648,0.46580396467937074,0.3714843590287487
8613275.270257778,8.613275270257779,0.46551242344604943,0.37247280812185646
8715761.17443491,8.71576117443491,0.4652207743619254,0.3734547118225782
8818247.07861204,8.81824707861204,0.46492901607095116,0.37443026229277915
8920732.982789172,8.920732982789172,0.46463714695028296,0.3753996460863873
9023218.886966303,9.023218886966303,0.46434516512395274,0.37636304442417484
9125704.791143434,9.125704791143434,0.4640530684754734,0.3773206334540877
9228190.695320565,9.228190695320565,0.46376085465945627,0.37827258449814904
9330676.599497698,9.330676599497698,0.4634685211123088,0.37921906428684454
9433162.50367483,9.43316250367483,0.4631760650620823,0.3801602351819005
9535648.40785196,9.53564840785196,0.4628834835375256,0.3810962553882464
9638134.312029092,9.638134312029091,0.4625907733763985,0.3820272791559239
9740620.216206223,9.740620216206223,0.46229793123309404,0.38295345697265176
9843106.120383354,9.843106120383354,0.46200495358561816,0.38387493574771586
9945592.024560485,9.945592024560485,0.46171183674196153,0.3847918589877886
10048077.928737616,10.048077928737616,0.4614185768459048,0.3857043669652861
10150563.832914747,10.150563832914747,0.4611251698822892,0.3866125968797947
10253049.737091878,10.253049737091878,0.4608316116817832,0.38751668301310427
10355535.64126901,10.35553564126901,0.4605378979251726,0.38841675687831634
10458021.545446143,10.458021545446142,0.4602440241471976,0.38931294736352173
10560507.449623274,10.560507449623273,0.45994998573996193,0.39020538087048995
10662993.353800405,10.662993353800404,0.45965577795592727,0.3910941814487667
10765479.257977536,10.765479257977535,0.45936139591052,0.3919794709256266
10867965.162154667,10.867965162154666,0.45906683458435193,0.3928613690322473
10970451.066331798,10.970451066331798,0.45877208882508463,0.39373999352649397
11072936.97050893,11.072936970508929,0.45847715334892797,0.3946154603126752
11175422.87468606,11.17542287468606,0.4581820227418024,0.3954878835586178
11277908.778863192,11.27790877886319,0.45788669146015437,0.3963573758104302
11380394.683040323,11.380394683040322,0.45759115383144333,0.3972240481052543
11482880.587217454,11.482880587217453,0.4572954040542922,0.3980880100823765
11585366.491394587,11.585366491394588,0.45699943619831346,0.3989493700930092
11687852.395571718,11.687852395571719,0.4567032442036003,0.39980823530903953
11790338.29974885,11.79033829974885,0.4564068218798889,0.40066471183108765
11892824.20392598,11.892824203925981,0.4561101629053813,0.40151890479618785
11995310.108103111,11.995310108103112,0.4558132608252282,0.4023709184854155
12097796.012280243,12.097796012280243,0.4555161090496609,0.40322085643175176
12200281.916457374,12.200281916457374,0.45521870085176364,0.40406882152850926
12302767.820634505,12.302767820634505,0.4549210293648766,0.40491491613862735
12405253.724811636,12.405253724811637,0.4546230875796105,0.40575924220516646
12507739.628988767,12.507739628988768,0.45432486834046815,0.40660190136331403
12610225.5331659,12.6102255331659,0.45402636434204496,0.4074429950542295
12712711.437343031,12.712711437343032,0.4537275681247964,0.40828262464102905
12815197.341520162,12.815197341520163,0.45342847207034703,0.40912089152726844
12917683.245697293,12.917683245697294,0.4531290683963205,0.40995789727824705
13020169.149874425,13.020169149874425,0.45282934915066464,0.41079374374544897
13122655.054051556,13.122655054051556,0.45252930620544196,0.41162853319450426
13225140.958228687,13.225140958228687,0.4522289312500575,0.4124623684369879
13327626.862405818,13.327626862405818,0.45192821578389253,0.41329535296642034
13430112.76658295,13.43011276658295,0.45162715110830626,0.41412759109884534
13532598.67076008,13.53259867076008,0.45132572831797396,0.41495918811833066
13635084.574937211,13.635084574937212,0.45102393829151427,0.41579025042777684
13737570.479114344,13.737570479114344,0.4507217716813718,0.4166208857054346
13840056.383291475,13.840056383291476,0.4504192189029038,0.41745120306748235
13942542.287468607,13.942542287468607,0.45011627012262867,0.4182813132371062
14045028.191645738,14.045028191645738,0.44981291524558265,0.41911132872045315
14147514.095822869,14.147514095822869,0.4495091439017326,0.4199413639898957
14250000.0,14.25,0.4492049454313913,0.42077153567501835
