Pressure_kPa,Temperature_C,Position_m,Temperature_K,Volume
100.175,22.33,0.4382,295.47999999999996,0.006745564913934933
100.113,22.46,0.438,295.60999999999996,0.006742486153134415
100.442,22.36,0.4365,295.51,0.00671939544713053
101.467,22.45,0.4318,295.59999999999997,0.006647044568318357
100.689,22.35,0.4308,295.5,0.006631650764315767
100.222,22.3,0.4311,295.45,0.006636268905516544
100.461,22.34,0.4302,295.48999999999995,0.0066224144819142135
103.207,22.43,0.4204,295.58,0.0064715552026888305
102.627,22.45,0.4154,295.59999999999997,0.006394586182675881
101.921,22.46,0.4149,295.60999999999996,0.006386889280674586
101.669,22.48,0.4128,295.63,0.0063545622922691475
100.943,22.48,0.413,295.63,0.006357641053069665
101.085,22.39,0.4104,295.53999999999996,0.006317617162662931
101.78,22.44,0.4064,295.59,0.006256041946652571
101.931,22.41,0.4044,295.56,0.006225254338647391
102.378,22.4,0.4002,295.54999999999995,0.006160600361836513
102.566,22.5,0.3976,295.65,0.00612057647142978
102.688,22.49,0.3952,295.64,0.006083631341823563
103.281,22.47,0.3916,295.62,0.0060282136474142396
103.677,22.41,0.3889,295.56,0.005986650376607247
103.885,22.39,0.3858,295.53999999999996,0.0059389295841992176
104.118,22.48,0.3838,295.63,0.005908141976194037
104.518,22.52,0.3812,295.66999999999996,0.005868118085787303
104.726,22.4,0.3795,295.54999999999995,0.005841948618982901
104.843,22.42,0.3782,295.57,0.005821936673779534
104.763,22.56,0.3772,295.71,0.005806542869776944
104.675,22.4,0.3762,295.54999999999995,0.005791149065774354
104.963,22.43,0.375,295.58,0.005772676500971245
105.255,22.52,0.3736,295.66999999999996,0.005751125175367619
105.772,22.43,0.3719,295.58,0.005724955708563217
106.234,22.54,0.3701,295.69,0.005697246861358554
106.626,22.54,0.3688,295.69,0.005677234916155189
106.875,22.47,0.3672,295.62,0.005652604829751044
107.475,22.42,0.3659,295.57,0.005632592884547676
107.657,22.55,0.3645,295.7,0.005611041558944051
107.894,22.57,0.3638,295.71999999999997,0.005600265896142238
108.035,22.58,0.3629,295.72999999999996,0.005586411472539907
108.521,22.56,0.3616,295.71,0.005566399527336539
108.717,22.54,0.3603,295.69,0.005546387582133173
109.096,22.6,0.3588,295.75,0.0055232968761292885
109.605,22.46,0.3571,295.60999999999996,0.005497127409324884
110.373,22.5,0.3549,295.65,0.0054632610405191875
111.096,22.59,0.3524,295.73999999999995,0.005424776530512711
112.164,22.56,0.3501,295.71,0.0053893707813067555
112.756,22.65,0.348,295.79999999999995,0.0053570437929013155
113.295,22.64,0.3464,295.78999999999996,0.005332413706497172
114.014,22.57,0.3445,295.71999999999997,0.005303165478892251
114.649,22.66,0.3428,295.81,0.005276996012087847
115.166,22.61,0.3413,295.76,0.0052539053060839625
115.776,22.66,0.3397,295.81,0.005229275219679819
116.454,22.76,0.338,295.90999999999997,0.005203105752875417
117.075,22.72,0.3358,295.87,0.005169239384069718
117.937,22.7,0.3335,295.84999999999997,0.005133833634863761
119.113,22.65,0.331,295.79999999999995,0.005095349124857287
120.038,22.66,0.3286,295.81,0.00505840399525107
120.759,22.69,0.3266,295.84,0.00502761638724589
121.553,22.8,0.3251,295.95,0.005004525681242006
121.992,22.83,0.3236,295.97999999999996,0.00498143497523812
122.801,22.83,0.3216,295.97999999999996,0.004950647367232941
123.542,22.76,0.3196,295.90999999999997,0.004919859759227761
124.298,22.79,0.3178,295.94,0.004892150912023099
125.323,22.94,0.3161,296.09,0.004865981445218695
125.929,22.84,0.3144,295.98999999999995,0.004839811978414293
126.875,22.83,0.3125,295.97999999999996,0.004810563750809372
127.634,22.87,0.3106,296.02,0.00478131552320445
128.323,22.99,0.3091,296.14,0.004758224817200565
128.792,22.97,0.3077,296.12,0.004736673491596939
129.317,23.02,0.3063,296.16999999999996,0.004715122165993313
129.966,23.0,0.3049,296.15,0.004693570840389688
130.755,23.05,0.3032,296.2,0.004667401373585285
131.514,23.11,0.3015,296.26,0.004641231906780881
132.511,23.04,0.2994,296.19,0.004608904918375443
133.385,23.01,0.2975,296.15999999999997,0.004579656690770521
134.469,23.05,0.2955,296.2,0.004548869082765342
135.319,23.09,0.2933,296.23999999999995,0.004515002713959644
136.938,23.09,0.2909,296.23999999999995,0.004478057584353428
138.429,23.12,0.288,296.27,0.004433415552745916
140.263,23.24,0.2851,296.39,0.004388773521138406
141.79,23.25,0.2823,296.4,0.004345670869931153
143.046,23.31,0.2798,296.46,0.004307186359924679
143.944,23.23,0.2779,296.38,0.004277938132319757
144.898,23.26,0.2762,296.40999999999997,0.004251768665515355
145.425,23.31,0.2747,296.46,0.0042286779595114695
146.395,23.36,0.2731,296.51,0.004204047873107326
147.369,23.5,0.2715,296.65,0.004179417786703182
147.967,23.42,0.27,296.57,0.0041563270806992975
148.817,23.4,0.2687,296.54999999999995,0.004136315135495929
149.101,23.43,0.2675,296.58,0.004117842570692822
149.842,23.52,0.2662,296.66999999999996,0.004097830625489455
150.798,23.57,0.2647,296.71999999999997,0.00407473991948557
151.798,23.51,0.2629,296.65999999999997,0.004047031072280908
152.978,23.65,0.261,296.79999999999995,0.004017782844675987
154.347,23.62,0.2587,296.77,0.00398237709547003
156.025,23.65,0.2565,296.79999999999995,0.003948510726664333
156.893,23.72,0.2549,296.87,0.003923880640260188
157.489,23.73,0.2537,296.88,0.00390540807545708
158.376,23.76,0.2523,296.90999999999997,0.0038838567498534543
159.192,23.71,0.251,296.85999999999996,0.0038638448046500874
159.744,23.83,0.2498,296.97999999999996,0.003845372239846979
160.099,23.74,0.2488,296.89,0.0038299784358443887
161.053,23.89,0.2477,297.03999999999996,0.00381304525144154
161.594,23.86,0.2464,297.01,0.0037930333062381736
162.588,23.86,0.2451,297.01,0.0037730213610348063
163.103,23.9,0.2438,297.04999999999995,0.003753009415831439
164.093,23.9,0.2423,297.04999999999995,0.003729918709827554
165.429,24.01,0.2407,297.15999999999997,0.0037052886234234103
166.589,24.08,0.2391,297.22999999999996,0.003680658537019266
168.012,24.03,0.237,297.17999999999995,0.003648331548613827
170.138,24.09,0.235,297.23999999999995,0.003617543940608647
171.03,24.18,0.233,297.33,0.0035867563326034673
172.558,24.21,0.2313,297.35999999999996,0.0035605868657990645
174.116,24.15,0.2295,297.29999999999995,0.003532878018594402
175.701,24.22,0.2275,297.37,0.0035020904105892226
176.932,24.32,0.2256,297.46999999999997,0.003472842182984301
177.951,24.23,0.2243,297.38,0.0034528302377809343
178.819,24.25,0.2231,297.4,0.0034343576729778265
180.024,24.29,0.2218,297.44,0.0034143457277744597
181.322,24.43,0.2204,297.58,0.0033927944021708337
182.399,24.36,0.2192,297.51,0.0033743218373677255
183.087,24.44,0.218,297.59,0.0033558492725646177
183.759,24.43,0.2167,297.58,0.0033358373273612504
184.682,24.44,0.2157,297.59,0.0033204435233586604
186.119,24.59,0.2147,297.73999999999995,0.0033050497193560704
186.321,24.64,0.2135,297.78999999999996,0.0032865771545529626
187.426,24.53,0.2124,297.67999999999995,0.003269643970150114
188.392,24.68,0.2114,297.83,0.0032542501661475235
189.378,24.71,0.2104,297.85999999999996,0.0032388563621449334
189.785,24.64,0.2094,297.78999999999996,0.0032234625581423434
191.118,24.63,0.2083,297.78,0.003206529373739495
191.786,24.67,0.2071,297.82,0.003188056808936387
192.893,24.7,0.2058,297.84999999999997,0.0031680448637330196
194.12,24.74,0.2046,297.89,0.0031495722989299114
195.494,24.77,0.2034,297.91999999999996,0.0031310997341268037
196.599,24.9,0.202,298.04999999999995,0.003109548408523178
197.851,24.95,0.2007,298.09999999999997,0.0030895364633198104
198.533,24.9,0.1997,298.04999999999995,0.003074142659317221
200.165,24.93,0.1986,298.08,0.0030572094749143717
201.629,24.9,0.1974,298.04999999999995,0.0030387369101112635
202.699,25.06,0.1961,298.21,0.0030187249649078966
204.432,25.09,0.1948,298.23999999999995,0.0029987130197045293
205.259,24.98,0.1934,298.13,0.002977161694100904
206.374,25.03,0.1924,298.17999999999995,0.0029617678900983138
207.028,25.06,0.1914,298.21,0.0029463740860957233
208.366,25.12,0.1905,298.27,0.002932519662493393
208.999,25.1,0.1897,298.25,0.0029202046192913205
210.258,25.15,0.1888,298.29999999999995,0.00290635019568899
211.19,25.17,0.1874,298.32,0.002884798870085364
213.311,25.22,0.1857,298.37,0.002858629403280961
215.913,25.23,0.1842,298.38,0.002835538697277076
216.863,25.27,0.1829,298.41999999999996,0.002815526752073709
218.237,25.31,0.1819,298.46,0.002800132948071119
218.462,25.33,0.1814,298.47999999999996,0.002792436046069824
217.741,25.43,0.1814,298.58,0.002792436046069824
217.851,25.42,0.1815,298.57,0.0027939754264700825
217.383,25.48,0.1811,298.63,0.002787817904869047
219.581,25.52,0.1794,298.66999999999996,0.0027616484380646442
222.586,25.54,0.1777,298.69,0.002735478971260241
225.382,25.56,0.1757,298.71,0.0027046913632550605
228.196,25.63,0.1742,298.78,0.002681600657251176
229.427,25.58,0.1728,298.72999999999996,0.00266004933164755
231.847,25.58,0.1715,298.72999999999996,0.002640037386444183
234.175,25.74,0.17,298.89,0.0026169466804402985
236.401,25.66,0.1684,298.81,0.002592316594036154
238.108,25.7,0.1671,298.84999999999997,0.002572304648832787
240.749,25.81,0.1659,298.96,0.0025538320840296793
242.441,25.84,0.1646,298.98999999999995,0.002533820138826312
243.752,25.86,0.1634,299.01,0.0025153475740232038
245.903,25.98,0.162,299.13,0.0024937962484195783
248.016,25.88,0.1609,299.03,0.002476863064016729
249.517,26.02,0.1596,299.16999999999996,0.0024568511188133623
251.68,26.12,0.1585,299.27,0.002439917934410513
253.142,26.02,0.1571,299.16999999999996,0.002418366608806887
256.475,26.16,0.1558,299.31,0.00239835466360352
259.152,26.16,0.1543,299.31,0.0023752639575996353
261.766,26.27,0.1528,299.41999999999996,0.0023521732515957502
263.861,26.22,0.1516,299.37,0.0023337006867926425
266.703,26.32,0.1503,299.46999999999997,0.002313688741589275
268.898,26.31,0.1493,299.46,0.002298294937586685
270.965,26.53,0.148,299.67999999999995,0.0022782829923833183
273.761,26.53,0.1467,299.67999999999995,0.0022582710471799514
276.618,26.67,0.1455,299.82,0.002239798482376843
279.579,26.64,0.144,299.78999999999996,0.002216707776372958
281.87,26.67,0.1429,299.82,0.0021997745919701095
284.651,26.72,0.1416,299.87,0.0021797626467667426
286.593,26.89,0.1405,300.03999999999996,0.0021628294623638935
288.931,26.95,0.1392,300.09999999999997,0.002142817517160526
292.235,27.0,0.1379,300.15,0.0021228055719571593
294.829,27.07,0.1367,300.21999999999997,0.002104333007154051
297.869,27.13,0.1355,300.28,0.0020858604423509433
299.45,27.18,0.1347,300.33,0.002073545399148871
301.126,27.19,0.1338,300.34,0.0020596909755465406
302.901,27.25,0.1329,300.4,0.002045836551944209
305.251,27.37,0.1319,300.52,0.002030442747941619
308.772,27.38,0.1308,300.53,0.0020135095635387705
311.406,27.4,0.1298,300.54999999999995,0.0019981157595361804
313.965,27.55,0.1286,300.7,0.0019796431947330727
317.236,27.59,0.1275,300.73999999999995,0.0019627100103302235
319.252,27.58,0.1264,300.72999999999996,0.0019457768259273746
322.268,27.74,0.1254,300.89,0.0019303830219247848
325.127,27.71,0.1241,300.85999999999996,0.0019103710767214175
330.546,27.76,0.1226,300.90999999999997,0.0018872803707175327
336.303,27.83,0.1207,300.97999999999996,0.0018580321431126117
341.804,27.89,0.119,301.03999999999996,0.0018318626763082087
347.671,27.98,0.1176,301.13,0.0018103113507045826
350.003,28.18,0.1166,301.33,0.0017949175467019927
351.271,28.22,0.1161,301.37,0.0017872206447006977
349.736,28.19,0.1161,301.34,0.0017872206447006977
348.484,28.25,0.1161,301.4,0.0017872206447006977
347.665,28.41,0.1161,301.56,0.0017872206447006977
346.311,28.35,0.1161,301.5,0.0017872206447006977
349.039,28.4,0.1154,301.54999999999995,0.0017764449818988848
357.59,28.47,0.1132,301.62,0.0017425786130931867
364.016,28.55,0.1115,301.7,0.001716409146288784
370.549,28.67,0.1098,301.82,0.0016902396794843805
377.583,28.7,0.1084,301.84999999999997,0.0016686883538807548
379.764,28.72,0.1074,301.87,0.0016532945498781645
384.655,28.84,0.1062,301.98999999999995,0.001634821985075057
388.515,28.93,0.1052,302.08,0.0016194281810724667
391.49,28.97,0.1045,302.12,0.0016086525182706537
394.443,29.1,0.1036,302.25,0.0015947980946683228
394.302,29.19,0.1035,302.34,0.0015932587142680637
393.001,29.23,0.1035,302.38,0.0015932587142680637
391.733,29.43,0.1034,302.58,0.0015917193338678048
390.189,29.42,0.1034,302.57,0.0015917193338678048
390.148,29.52,0.1034,302.66999999999996,0.0015917193338678048
388.798,29.65,0.1034,302.79999999999995,0.0015917193338678048
397.569,29.63,0.1015,302.78,0.001562471106262884
408.451,29.81,0.0993,302.96,0.0015286047374571858
414.88,29.78,0.0981,302.92999999999995,0.0015101321726540779
420.156,29.98,0.097,303.13,0.001493198988251229
422.564,29.99,0.0965,303.14,0.001485502086249934
421.416,30.15,0.0965,303.29999999999995,0.001485502086249934
418.533,30.19,0.0964,303.34,0.0014839627058496748
418.357,30.27,0.0964,303.41999999999996,0.0014839627058496748
416.469,30.38,0.0963,303.53,0.0014824233254494158
427.1,30.39,0.0945,303.53999999999996,0.001454714478244754
428.039,30.46,0.0944,303.60999999999996,0.001453175097844495
426.293,30.61,0.0943,303.76,0.001451635717444236
425.556,30.72,0.0943,303.87,0.001451635717444236
424.655,30.69,0.0943,303.84,0.001451635717444236
422.611,30.86,0.0943,304.01,0.001451635717444236
421.733,30.92,0.0944,304.07,0.001453175097844495
420.779,30.88,0.0943,304.03,0.001451635717444236
418.96,30.92,0.0944,304.07,0.001453175097844495
419.227,31.03,0.0944,304.17999999999995,0.001453175097844495
418.298,31.08,0.0944,304.22999999999996,0.001453175097844495
422.977,31.07,0.0935,304.21999999999997,0.0014393206742421638
436.197,31.16,0.0911,304.31,0.0014023755446359479
447.665,31.23,0.0896,304.38,0.001379284838632063
457.151,31.37,0.0882,304.52,0.0013577335130284369
458.147,31.37,0.0877,304.52,0.001350036611027142
456.689,31.39,0.0878,304.53999999999996,0.001351575991427401
454.31,31.48,0.0877,304.63,0.001350036611027142
453.675,31.61,0.0878,304.76,0.001351575991427401
453.279,31.66,0.0878,304.81,0.001351575991427401
451.333,31.62,0.0878,304.77,0.001351575991427401
449.464,31.75,0.0878,304.9,0.001351575991427401
453.789,31.71,0.087,304.85999999999996,0.0013392609482253289
460.545,31.77,0.0862,304.91999999999996,0.001326945905023257
459.924,31.91,0.0862,305.06,0.001326945905023257
457.91,31.9,0.0862,305.04999999999995,0.001326945905023257
456.299,31.97,0.0862,305.12,0.001326945905023257
455.382,31.96,0.0861,305.10999999999996,0.001325406524622998
453.775,32.08,0.0861,305.22999999999996,0.001325406524622998
453.91,32.09,0.0861,305.24,0.001325406524622998
451.947,32.04,0.0861,305.19,0.001325406524622998
451.774,32.02,0.0862,305.16999999999996,0.001326945905023257
450.334,32.11,0.0862,305.26,0.001326945905023257
466.738,32.11,0.084,305.26,0.0012930795362175592
478.829,32.1,0.0826,305.25,0.0012715282106139333
476.162,32.26,0.0826,305.40999999999997,0.0012715282106139333
475.915,32.17,0.0826,305.32,0.0012715282106139333
475.064,32.27,0.0825,305.41999999999996,0.0012699888302136742
473.746,32.25,0.0826,305.4,0.0012715282106139333
473.038,32.24,0.0824,305.39,0.001268449449813415
472.156,32.32,0.0824,305.46999999999997,0.001268449449813415
471.161,32.36,0.0825,305.51,0.0012699888302136742
470.581,32.31,0.0824,305.46,0.001268449449813415
469.099,32.39,0.0824,305.53999999999996,0.001268449449813415
468.917,32.4,0.0823,305.54999999999995,0.001266910069413156
467.41,32.45,0.0824,305.59999999999997,0.001268449449813415
466.565,32.37,0.0824,305.52,0.001268449449813415
466.121,32.42,0.0823,305.57,0.001266910069413156
466.322,32.37,0.0824,305.52,0.001268449449813415
465.462,32.35,0.0822,305.5,0.0012653706890128971
463.312,32.43,0.0822,305.58,0.0012653706890128971
462.834,32.37,0.0822,305.52,0.0012653706890128971
463.056,32.42,0.082,305.57,0.0012622919282123792
462.568,32.37,0.082,305.52,0.0012622919282123792
460.679,32.37,0.0819,305.52,0.00126075254781212
